SERNO,END_INSTANCE,END_CLOCK,START_CLOCK,START_INSTANCE,CDC_TYPE,SYNCHRONIZER,NUMBER_OF_SYNCHRONIZER_FFs,SAFE_CDC,DESCRIPTION
1,UART_IF_0.UART_IF_FSM_0.Next_Address,MDDR_Demo_sb_sb_CCC_0_FCCC|GL2_net_inferred_clock,MDDR_Demo_sb_sb_CCC_0_FCCC|GL0_net_inferred_clock,UART_IF_0.DATA_HANDLE_FSM_V2_0.uart_start_axi,Different Clock Domains,NO,0,NO,Combinatorial logic detected at clock domain crossing. Sources from different domains in fanin. Enable signal for synchonizer registers does not have a safe crossing.
2,UART_IF_0.UART_IF_FSM_0.Next_Address,MDDR_Demo_sb_sb_CCC_0_FCCC|GL2_net_inferred_clock,DATA_HANDLE_FSM_V2_32_32_8_11|un1_paddr_1_inferred_clock,UART_IF_0.DATA_HANDLE_FSM_V2_0.uart_user_option[7:0],Different Clock Domains,NO,0,NO,Combinatorial logic detected at clock domain crossing. Sources from different domains in fanin. Enable signal for synchonizer registers does not have a safe crossing.
3,UART_IF_0.UART_IF_FSM_0.sg_option[7:0],MDDR_Demo_sb_sb_CCC_0_FCCC|GL2_net_inferred_clock,MDDR_Demo_sb_sb_CCC_0_FCCC|GL0_net_inferred_clock,UART_IF_0.DATA_HANDLE_FSM_V2_0.uart_start_axi,Different Clock Domains,NO,0,NO,Combinatorial logic detected at clock domain crossing. Sources from different domains in fanin. Enable signal for synchonizer registers does not have a safe crossing.
4,UART_IF_0.UART_IF_FSM_0.sg_option[7:0],MDDR_Demo_sb_sb_CCC_0_FCCC|GL2_net_inferred_clock,DATA_HANDLE_FSM_V2_32_32_8_11|un1_paddr_1_inferred_clock,UART_IF_0.DATA_HANDLE_FSM_V2_0.uart_user_option[7:0],Different Clock Domains,NO,0,NO,Combinatorial logic detected at clock domain crossing. Sources from different domains in fanin. Enable signal for synchonizer registers does not have a safe crossing.
5,UART_IF_0.UART_IF_FSM_0.sg_DATA_IN[63:0],MDDR_Demo_sb_sb_CCC_0_FCCC|GL2_net_inferred_clock,MDDR_Demo_sb_sb_CCC_0_FCCC|GL0_net_inferred_clock,UART_IF_0.DATA_HANDLE_FSM_V2_0.uart_start_axi,Different Clock Domains,NO,0,NO,Combinatorial logic detected at clock domain crossing. Sources from different domains in fanin. Enable signal for synchonizer registers does not have a safe crossing.
6,UART_IF_0.UART_IF_FSM_0.sg_DATA_IN[63:0],MDDR_Demo_sb_sb_CCC_0_FCCC|GL2_net_inferred_clock,DATA_HANDLE_FSM_V2_32_32_8_11|un1_paddr_1_inferred_clock,UART_IF_0.DATA_HANDLE_FSM_V2_0.uart_user_option[7:0],Different Clock Domains,NO,0,NO,Combinatorial logic detected at clock domain crossing. Sources from different domains in fanin. Enable signal for synchonizer registers does not have a safe crossing.
7,UART_IF_0.UART_IF_FSM_0.limit_cnt[0],MDDR_Demo_sb_sb_CCC_0_FCCC|GL2_net_inferred_clock,MDDR_Demo_sb_sb_CCC_0_FCCC|GL0_net_inferred_clock,MSS_CORTEXM3.MDDR_Demo_sb_sb_0.CORERESETP_0.INIT_DONE_int,Different Clock Domains,NO,0,NO,Combinatorial logic detected at clock domain crossing. Divergence detected in the crossover path. Enable signal for synchonizer registers does not have a safe crossing.
8,UART_IF_0.UART_IF_FSM_0.limit_cnt[4],MDDR_Demo_sb_sb_CCC_0_FCCC|GL2_net_inferred_clock,MDDR_Demo_sb_sb_CCC_0_FCCC|GL0_net_inferred_clock,MSS_CORTEXM3.MDDR_Demo_sb_sb_0.CORERESETP_0.INIT_DONE_int,Different Clock Domains,NO,0,NO,Combinatorial logic detected at clock domain crossing. Divergence detected in the crossover path. Enable signal for synchonizer registers does not have a safe crossing.
9,UART_IF_0.UART_IF_FSM_0.TPSRAM_WADDR[7:0],MDDR_Demo_sb_sb_CCC_0_FCCC|GL2_net_inferred_clock,MDDR_Demo_sb_sb_CCC_0_FCCC|GL0_net_inferred_clock,MSS_CORTEXM3.MDDR_Demo_sb_sb_0.MDDR_Demo_sb_sb_MSS_0.MSS_ADLIB_INST,Different Clock Domains,NO,0,NO,Combinatorial logic detected at clock domain crossing.
10,UART_IF_0.UART_IF_FSM_0.fsm[0:13],MDDR_Demo_sb_sb_CCC_0_FCCC|GL2_net_inferred_clock,MDDR_Demo_sb_sb_CCC_0_FCCC|GL0_net_inferred_clock,MSS_CORTEXM3.MDDR_Demo_sb_sb_0.MDDR_Demo_sb_sb_MSS_0.MSS_ADLIB_INST,Different Clock Domains,NO,0,NO,Combinatorial logic detected at clock domain crossing. Sources from different domains in fanin. Divergence detected in the crossover path.
11,UART_IF_0.UART_IF_FSM_0.fsm[0:13],MDDR_Demo_sb_sb_CCC_0_FCCC|GL2_net_inferred_clock,DATA_HANDLE_FSM_V2_32_32_8_11|un1_paddr_1_inferred_clock,UART_IF_0.DATA_HANDLE_FSM_V2_0.uart_user_option[7:0],Different Clock Domains,NO,0,NO,Combinatorial logic detected at clock domain crossing. Sources from different domains in fanin. Divergence detected in the crossover path.
12,UART_IF_0.UART_IF_FSM_0.sg_ADDR[31:0],MDDR_Demo_sb_sb_CCC_0_FCCC|GL2_net_inferred_clock,MDDR_Demo_sb_sb_CCC_0_FCCC|GL0_net_inferred_clock,MSS_CORTEXM3.MDDR_Demo_sb_sb_0.MDDR_Demo_sb_sb_MSS_0.MSS_ADLIB_INST,Different Clock Domains,NO,0,NO,Combinatorial logic detected at clock domain crossing. Sources from different domains in fanin. Enable signal for synchonizer registers does not have a safe crossing.
13,UART_IF_0.UART_IF_FSM_0.sg_ADDR[31:0],MDDR_Demo_sb_sb_CCC_0_FCCC|GL2_net_inferred_clock,DATA_HANDLE_FSM_V2_32_32_8_11|un1_paddr_1_inferred_clock,UART_IF_0.DATA_HANDLE_FSM_V2_0.uart_user_option[7:0],Different Clock Domains,NO,0,NO,Combinatorial logic detected at clock domain crossing. Sources from different domains in fanin. Enable signal for synchonizer registers does not have a safe crossing.
14,UART_IF_0.UART_IF_FSM_0.sg_PAGE[31:8],MDDR_Demo_sb_sb_CCC_0_FCCC|GL2_net_inferred_clock,MDDR_Demo_sb_sb_CCC_0_FCCC|GL0_net_inferred_clock,UART_IF_0.DATA_HANDLE_FSM_V2_0.uart_start_axi,Different Clock Domains,NO,0,NO,Combinatorial logic detected at clock domain crossing. Sources from different domains in fanin.
15,UART_IF_0.UART_IF_FSM_0.sg_PAGE[31:8],MDDR_Demo_sb_sb_CCC_0_FCCC|GL2_net_inferred_clock,DATA_HANDLE_FSM_V2_32_32_8_11|un1_paddr_1_inferred_clock,UART_IF_0.DATA_HANDLE_FSM_V2_0.uart_user_option[7:0],Different Clock Domains,NO,0,NO,Combinatorial logic detected at clock domain crossing. Sources from different domains in fanin.
16,UART_IF_0.DATA_HANDLE_FSM_V2_0.uart_user_option[7:0],DATA_HANDLE_FSM_V2_32_32_8_11|un1_paddr_1_inferred_clock,MDDR_Demo_sb_sb_CCC_0_FCCC|GL0_net_inferred_clock,MSS_CORTEXM3.MDDR_Demo_sb_sb_0.MDDR_Demo_sb_sb_MSS_0.MSS_ADLIB_INST,Different Clock Domains,NO,0,NO,Divergence detected in the crossover path.
17,UART_IF_0.DATA_HANDLE_FSM_V2_0.uart_user_address[31:0],DATA_HANDLE_FSM_V2_32_32_8_11|un1_paddr_2_inferred_clock,MDDR_Demo_sb_sb_CCC_0_FCCC|GL0_net_inferred_clock,MSS_CORTEXM3.MDDR_Demo_sb_sb_0.MDDR_Demo_sb_sb_MSS_0.MSS_ADLIB_INST,Different Clock Domains,NO,0,NO,Divergence detected in the crossover path.
18,UART_IF_0.DATA_HANDLE_FSM_V2_0.uart_user_data1[31:0],DATA_HANDLE_FSM_V2_32_32_8_11|un1_paddr_3_inferred_clock,MDDR_Demo_sb_sb_CCC_0_FCCC|GL0_net_inferred_clock,MSS_CORTEXM3.MDDR_Demo_sb_sb_0.MDDR_Demo_sb_sb_MSS_0.MSS_ADLIB_INST,Different Clock Domains,NO,0,NO,Divergence detected in the crossover path.
19,UART_IF_0.DATA_HANDLE_FSM_V2_0.uart_user_data2[31:0],DATA_HANDLE_FSM_V2_32_32_8_11|un1_fsm_2_inferred_clock,MDDR_Demo_sb_sb_CCC_0_FCCC|GL0_net_inferred_clock,MSS_CORTEXM3.MDDR_Demo_sb_sb_0.MDDR_Demo_sb_sb_MSS_0.MSS_ADLIB_INST,Different Clock Domains,NO,0,NO,Divergence detected in the crossover path.
20,UART_IF_0.AUTO_HANDLER_TMR_0.next_process,AUTO_HANDLER_TMR_work_top_rtl_0layer0|next_process_1_sqmuxa_inferred_clock,MDDR_Demo_sb_sb_CCC_0_FCCC|GL2_net_inferred_clock,UART_IF_0.AUTO_HANDLER_TMR_0.WR_fsm[0:3],Different Clock Domains,NO,0,NO,Combinatorial logic detected at clock domain crossing. Sources from different domains in fanin.
21,UART_IF_0.AUTO_HANDLER_TMR_0.next_process,AUTO_HANDLER_TMR_work_top_rtl_0layer0|next_process_1_sqmuxa_inferred_clock,MDDR_Demo_sb_sb_CCC_0_FCCC|GL0_net_inferred_clock,UART_IF_0.AUTO_HANDLER_TMR_0.RD_fsm[0:3],Different Clock Domains,NO,0,NO,Combinatorial logic detected at clock domain crossing. Sources from different domains in fanin.
22,UART_IF_0.AUTO_HANDLER_TMR_0.tpsram_RADDR_1[0],MDDR_Demo_sb_sb_CCC_0_FCCC|GL0_net_inferred_clock,AUTO_HANDLER_TMR_work_top_rtl_0layer0|next_process_1_sqmuxa_inferred_clock,UART_IF_0.AUTO_HANDLER_TMR_0.next_process,Different Clock Domains,NO,0,NO,Combinatorial logic detected at clock domain crossing. Sources from different domains in fanin.
23,UART_IF_0.AUTO_HANDLER_TMR_0.tpsram_RADDR_1[0],MDDR_Demo_sb_sb_CCC_0_FCCC|GL0_net_inferred_clock,MDDR_Demo_sb_sb_CCC_0_FCCC|GL2_net_inferred_clock,UART_IF_0.AUTO_HANDLER_TMR_0.WR_fsm[0:3],Different Clock Domains,NO,0,NO,Combinatorial logic detected at clock domain crossing. Sources from different domains in fanin.
24,UART_IF_0.AUTO_HANDLER_TMR_0.tpsram_RADDR_1[1],MDDR_Demo_sb_sb_CCC_0_FCCC|GL0_net_inferred_clock,AUTO_HANDLER_TMR_work_top_rtl_0layer0|next_process_1_sqmuxa_inferred_clock,UART_IF_0.AUTO_HANDLER_TMR_0.next_process,Different Clock Domains,NO,0,NO,Combinatorial logic detected at clock domain crossing. Sources from different domains in fanin.
25,UART_IF_0.AUTO_HANDLER_TMR_0.tpsram_RADDR_1[1],MDDR_Demo_sb_sb_CCC_0_FCCC|GL0_net_inferred_clock,MDDR_Demo_sb_sb_CCC_0_FCCC|GL2_net_inferred_clock,UART_IF_0.AUTO_HANDLER_TMR_0.WR_fsm[0:3],Different Clock Domains,NO,0,NO,Combinatorial logic detected at clock domain crossing. Sources from different domains in fanin.
26,UART_IF_0.AUTO_HANDLER_TMR_0.tpsram_RADDR_1[2],MDDR_Demo_sb_sb_CCC_0_FCCC|GL0_net_inferred_clock,AUTO_HANDLER_TMR_work_top_rtl_0layer0|next_process_1_sqmuxa_inferred_clock,UART_IF_0.AUTO_HANDLER_TMR_0.next_process,Different Clock Domains,NO,0,NO,Combinatorial logic detected at clock domain crossing. Sources from different domains in fanin.
27,UART_IF_0.AUTO_HANDLER_TMR_0.tpsram_RADDR_1[2],MDDR_Demo_sb_sb_CCC_0_FCCC|GL0_net_inferred_clock,MDDR_Demo_sb_sb_CCC_0_FCCC|GL2_net_inferred_clock,UART_IF_0.AUTO_HANDLER_TMR_0.WR_fsm[0:3],Different Clock Domains,NO,0,NO,Combinatorial logic detected at clock domain crossing. Sources from different domains in fanin.
28,UART_IF_0.AUTO_HANDLER_TMR_0.tpsram_RADDR_1[3],MDDR_Demo_sb_sb_CCC_0_FCCC|GL0_net_inferred_clock,AUTO_HANDLER_TMR_work_top_rtl_0layer0|next_process_1_sqmuxa_inferred_clock,UART_IF_0.AUTO_HANDLER_TMR_0.next_process,Different Clock Domains,NO,0,NO,Combinatorial logic detected at clock domain crossing. Sources from different domains in fanin.
29,UART_IF_0.AUTO_HANDLER_TMR_0.tpsram_RADDR_1[3],MDDR_Demo_sb_sb_CCC_0_FCCC|GL0_net_inferred_clock,MDDR_Demo_sb_sb_CCC_0_FCCC|GL2_net_inferred_clock,UART_IF_0.AUTO_HANDLER_TMR_0.WR_fsm[0:3],Different Clock Domains,NO,0,NO,Combinatorial logic detected at clock domain crossing. Sources from different domains in fanin.
30,UART_IF_0.AUTO_HANDLER_TMR_0.tpsram_RADDR_1[4],MDDR_Demo_sb_sb_CCC_0_FCCC|GL0_net_inferred_clock,AUTO_HANDLER_TMR_work_top_rtl_0layer0|next_process_1_sqmuxa_inferred_clock,UART_IF_0.AUTO_HANDLER_TMR_0.next_process,Different Clock Domains,NO,0,NO,Combinatorial logic detected at clock domain crossing. Sources from different domains in fanin.
31,UART_IF_0.AUTO_HANDLER_TMR_0.tpsram_RADDR_1[4],MDDR_Demo_sb_sb_CCC_0_FCCC|GL0_net_inferred_clock,MDDR_Demo_sb_sb_CCC_0_FCCC|GL2_net_inferred_clock,UART_IF_0.AUTO_HANDLER_TMR_0.WR_fsm[0:3],Different Clock Domains,NO,0,NO,Combinatorial logic detected at clock domain crossing. Sources from different domains in fanin.
32,UART_IF_0.AUTO_HANDLER_TMR_0.tpsram_RADDR_1[5],MDDR_Demo_sb_sb_CCC_0_FCCC|GL0_net_inferred_clock,AUTO_HANDLER_TMR_work_top_rtl_0layer0|next_process_1_sqmuxa_inferred_clock,UART_IF_0.AUTO_HANDLER_TMR_0.next_process,Different Clock Domains,NO,0,NO,Combinatorial logic detected at clock domain crossing. Sources from different domains in fanin.
33,UART_IF_0.AUTO_HANDLER_TMR_0.tpsram_RADDR_1[5],MDDR_Demo_sb_sb_CCC_0_FCCC|GL0_net_inferred_clock,MDDR_Demo_sb_sb_CCC_0_FCCC|GL2_net_inferred_clock,UART_IF_0.AUTO_HANDLER_TMR_0.WR_fsm[0:3],Different Clock Domains,NO,0,NO,Combinatorial logic detected at clock domain crossing. Sources from different domains in fanin.
34,UART_IF_0.AUTO_HANDLER_TMR_0.tpsram_RADDR_1[6],MDDR_Demo_sb_sb_CCC_0_FCCC|GL0_net_inferred_clock,AUTO_HANDLER_TMR_work_top_rtl_0layer0|next_process_1_sqmuxa_inferred_clock,UART_IF_0.AUTO_HANDLER_TMR_0.next_process,Different Clock Domains,NO,0,NO,Combinatorial logic detected at clock domain crossing. Sources from different domains in fanin.
35,UART_IF_0.AUTO_HANDLER_TMR_0.tpsram_RADDR_1[6],MDDR_Demo_sb_sb_CCC_0_FCCC|GL0_net_inferred_clock,MDDR_Demo_sb_sb_CCC_0_FCCC|GL2_net_inferred_clock,UART_IF_0.AUTO_HANDLER_TMR_0.WR_fsm[0:3],Different Clock Domains,NO,0,NO,Combinatorial logic detected at clock domain crossing. Sources from different domains in fanin.
36,UART_IF_0.AUTO_HANDLER_TMR_0.tpsram_RADDR_1[7],MDDR_Demo_sb_sb_CCC_0_FCCC|GL0_net_inferred_clock,AUTO_HANDLER_TMR_work_top_rtl_0layer0|next_process_1_sqmuxa_inferred_clock,UART_IF_0.AUTO_HANDLER_TMR_0.next_process,Different Clock Domains,NO,0,NO,Combinatorial logic detected at clock domain crossing. Sources from different domains in fanin.
37,UART_IF_0.AUTO_HANDLER_TMR_0.tpsram_RADDR_1[7],MDDR_Demo_sb_sb_CCC_0_FCCC|GL0_net_inferred_clock,MDDR_Demo_sb_sb_CCC_0_FCCC|GL2_net_inferred_clock,UART_IF_0.AUTO_HANDLER_TMR_0.WR_fsm[0:3],Different Clock Domains,NO,0,NO,Combinatorial logic detected at clock domain crossing. Sources from different domains in fanin.
38,UART_IF_0.AUTO_HANDLER_TMR_0.tpsram_RADDR_1[8],MDDR_Demo_sb_sb_CCC_0_FCCC|GL0_net_inferred_clock,AUTO_HANDLER_TMR_work_top_rtl_0layer0|next_process_1_sqmuxa_inferred_clock,UART_IF_0.AUTO_HANDLER_TMR_0.next_process,Different Clock Domains,NO,0,NO,Combinatorial logic detected at clock domain crossing. Sources from different domains in fanin.
39,UART_IF_0.AUTO_HANDLER_TMR_0.tpsram_RADDR_1[8],MDDR_Demo_sb_sb_CCC_0_FCCC|GL0_net_inferred_clock,MDDR_Demo_sb_sb_CCC_0_FCCC|GL2_net_inferred_clock,UART_IF_0.AUTO_HANDLER_TMR_0.WR_fsm[0:3],Different Clock Domains,NO,0,NO,Combinatorial logic detected at clock domain crossing. Sources from different domains in fanin.
40,UART_IF_0.AUTO_HANDLER_TMR_0.tpsram_RADDR_1[9],MDDR_Demo_sb_sb_CCC_0_FCCC|GL0_net_inferred_clock,AUTO_HANDLER_TMR_work_top_rtl_0layer0|next_process_1_sqmuxa_inferred_clock,UART_IF_0.AUTO_HANDLER_TMR_0.next_process,Different Clock Domains,NO,0,NO,Combinatorial logic detected at clock domain crossing. Sources from different domains in fanin.
41,UART_IF_0.AUTO_HANDLER_TMR_0.tpsram_RADDR_1[9],MDDR_Demo_sb_sb_CCC_0_FCCC|GL0_net_inferred_clock,MDDR_Demo_sb_sb_CCC_0_FCCC|GL2_net_inferred_clock,UART_IF_0.AUTO_HANDLER_TMR_0.WR_fsm[0:3],Different Clock Domains,NO,0,NO,Combinatorial logic detected at clock domain crossing. Sources from different domains in fanin.
42,UART_IF_0.AUTO_HANDLER_TMR_0.tpsram_RADDR_1[10],MDDR_Demo_sb_sb_CCC_0_FCCC|GL0_net_inferred_clock,AUTO_HANDLER_TMR_work_top_rtl_0layer0|next_process_1_sqmuxa_inferred_clock,UART_IF_0.AUTO_HANDLER_TMR_0.next_process,Different Clock Domains,NO,0,NO,Combinatorial logic detected at clock domain crossing. Sources from different domains in fanin.
43,UART_IF_0.AUTO_HANDLER_TMR_0.tpsram_RADDR_1[10],MDDR_Demo_sb_sb_CCC_0_FCCC|GL0_net_inferred_clock,MDDR_Demo_sb_sb_CCC_0_FCCC|GL2_net_inferred_clock,UART_IF_0.AUTO_HANDLER_TMR_0.WR_fsm[0:3],Different Clock Domains,NO,0,NO,Combinatorial logic detected at clock domain crossing. Sources from different domains in fanin.
44,UART_IF_0.AUTO_HANDLER_TMR_0.cnt_tpsram[10:0],MDDR_Demo_sb_sb_CCC_0_FCCC|GL0_net_inferred_clock,DATA_HANDLE_FSM_V2_32_32_8_11|un1_paddr_1_inferred_clock,UART_IF_0.DATA_HANDLE_FSM_V2_0.uart_user_option[7:0],Different Clock Domains,NO,0,NO,Combinatorial logic detected at clock domain crossing.
45,UART_IF_0.AUTO_HANDLER_TMR_0.RD_fsm[0:3],MDDR_Demo_sb_sb_CCC_0_FCCC|GL0_net_inferred_clock,MDDR_Demo_sb_sb_CCC_0_FCCC|GL2_net_inferred_clock,UART_IF_0.UART_IF_FSM_0.Next_Address,Different Clock Domains,NO,0,NO,Combinatorial logic detected at clock domain crossing. Sources from different domains in fanin. Divergence detected in the crossover path.
46,UART_IF_0.AUTO_HANDLER_TMR_0.RD_fsm[0:3],MDDR_Demo_sb_sb_CCC_0_FCCC|GL0_net_inferred_clock,AUTO_HANDLER_TMR_work_top_rtl_0layer0|next_process_1_sqmuxa_inferred_clock,UART_IF_0.AUTO_HANDLER_TMR_0.next_process,Different Clock Domains,NO,0,NO,Combinatorial logic detected at clock domain crossing. Sources from different domains in fanin. Divergence detected in the crossover path.
47,UART_IF_0.AUTO_HANDLER_TMR_0.WR_fsm[0:3],MDDR_Demo_sb_sb_CCC_0_FCCC|GL2_net_inferred_clock,AUTO_HANDLER_TMR_work_top_rtl_0layer0|next_process_1_sqmuxa_inferred_clock,UART_IF_0.AUTO_HANDLER_TMR_0.next_process,Different Clock Domains,NO,0,NO,Divergence detected in the crossover path.
48,MSS_CORTEXM3.AXI_IF_0.AWADDR[31:0],MDDR_Demo_sb_sb_CCC_0_FCCC|GL2_net_inferred_clock,MDDR_Demo_sb_sb_CCC_0_FCCC|GL0_net_inferred_clock,MSS_CORTEXM3.MDDR_Demo_sb_sb_0.CORERESETP_0.INIT_DONE_int,Different Clock Domains,NO,0,NO,Combinatorial logic detected at clock domain crossing. Enable signal for synchonizer registers does not have a safe crossing.
49,MSS_CORTEXM3.AXI_IF_0.ARADDR[31:0],MDDR_Demo_sb_sb_CCC_0_FCCC|GL2_net_inferred_clock,MDDR_Demo_sb_sb_CCC_0_FCCC|GL0_net_inferred_clock,MSS_CORTEXM3.MDDR_Demo_sb_sb_0.CORERESETP_0.INIT_DONE_int,Different Clock Domains,NO,0,NO,Combinatorial logic detected at clock domain crossing. Enable signal for synchonizer registers does not have a safe crossing.
50,MSS_CORTEXM3.AXI_IF_0.axi_fsm_write_state[5:0],MDDR_Demo_sb_sb_CCC_0_FCCC|GL2_net_inferred_clock,MDDR_Demo_sb_sb_CCC_0_FCCC|GL0_net_inferred_clock,MSS_CORTEXM3.MDDR_Demo_sb_sb_0.MDDR_Demo_sb_sb_MSS_0.MSS_ADLIB_INST,Different Clock Domains,NO,0,NO,Divergence detected in the crossover path.
51,MSS_CORTEXM3.AXI_IF_0.AWVALID,MDDR_Demo_sb_sb_CCC_0_FCCC|GL2_net_inferred_clock,MDDR_Demo_sb_sb_CCC_0_FCCC|GL0_net_inferred_clock,MSS_CORTEXM3.MDDR_Demo_sb_sb_0.MDDR_Demo_sb_sb_MSS_0.MSS_ADLIB_INST,Different Clock Domains,NO,0,NO,Combinatorial logic detected at clock domain crossing. Enable signal for synchonizer registers does not have a safe crossing.
52,MSS_CORTEXM3.AXI_IF_0.WSTRB_1[0],MDDR_Demo_sb_sb_CCC_0_FCCC|GL2_net_inferred_clock,MDDR_Demo_sb_sb_CCC_0_FCCC|GL0_net_inferred_clock,MSS_CORTEXM3.MDDR_Demo_sb_sb_0.MDDR_Demo_sb_sb_MSS_0.MSS_ADLIB_INST,Different Clock Domains,NO,0,NO,Combinatorial logic detected at clock domain crossing. Divergence detected in the crossover path. Enable signal for synchonizer registers does not have a safe crossing.
53,MSS_CORTEXM3.AXI_IF_0.WDATA[63:0],MDDR_Demo_sb_sb_CCC_0_FCCC|GL2_net_inferred_clock,MDDR_Demo_sb_sb_CCC_0_FCCC|GL0_net_inferred_clock,MSS_CORTEXM3.MDDR_Demo_sb_sb_0.CORERESETP_0.INIT_DONE_int,Different Clock Domains,NO,0,NO,Combinatorial logic detected at clock domain crossing. Enable signal for synchonizer registers does not have a safe crossing.
54,MSS_CORTEXM3.AXI_IF_0.ARVALID,MDDR_Demo_sb_sb_CCC_0_FCCC|GL2_net_inferred_clock,MDDR_Demo_sb_sb_CCC_0_FCCC|GL0_net_inferred_clock,MSS_CORTEXM3.MDDR_Demo_sb_sb_0.MDDR_Demo_sb_sb_MSS_0.MSS_ADLIB_INST,Different Clock Domains,NO,0,NO,Combinatorial logic detected at clock domain crossing. Enable signal for synchonizer registers does not have a safe crossing.
55,MSS_CORTEXM3.AXI_IF_0.WVALID,MDDR_Demo_sb_sb_CCC_0_FCCC|GL2_net_inferred_clock,MDDR_Demo_sb_sb_CCC_0_FCCC|GL0_net_inferred_clock,MSS_CORTEXM3.MDDR_Demo_sb_sb_0.MDDR_Demo_sb_sb_MSS_0.MSS_ADLIB_INST,Different Clock Domains,NO,0,NO,Combinatorial logic detected at clock domain crossing. Divergence detected in the crossover path. Enable signal for synchonizer registers does not have a safe crossing.
56,MSS_CORTEXM3.AXI_IF_0.WLAST,MDDR_Demo_sb_sb_CCC_0_FCCC|GL2_net_inferred_clock,MDDR_Demo_sb_sb_CCC_0_FCCC|GL0_net_inferred_clock,MSS_CORTEXM3.MDDR_Demo_sb_sb_0.MDDR_Demo_sb_sb_MSS_0.MSS_ADLIB_INST,Different Clock Domains,NO,0,NO,Combinatorial logic detected at clock domain crossing. Divergence detected in the crossover path. Enable signal for synchonizer registers does not have a safe crossing.
57,MSS_CORTEXM3.AXI_IF_0.AXI_RC_BUSY,MDDR_Demo_sb_sb_CCC_0_FCCC|GL2_net_inferred_clock,MDDR_Demo_sb_sb_CCC_0_FCCC|GL0_net_inferred_clock,MSS_CORTEXM3.MDDR_Demo_sb_sb_0.MDDR_Demo_sb_sb_MSS_0.MSS_ADLIB_INST,Different Clock Domains,NO,0,NO,Combinatorial logic detected at clock domain crossing. Enable signal for synchonizer registers does not have a safe crossing.
58,MSS_CORTEXM3.AXI_IF_0.RREADY,MDDR_Demo_sb_sb_CCC_0_FCCC|GL2_net_inferred_clock,MDDR_Demo_sb_sb_CCC_0_FCCC|GL0_net_inferred_clock,MSS_CORTEXM3.MDDR_Demo_sb_sb_0.MDDR_Demo_sb_sb_MSS_0.MSS_ADLIB_INST,Different Clock Domains,NO,0,NO,Combinatorial logic detected at clock domain crossing. Enable signal for synchonizer registers does not have a safe crossing.
59,MSS_CORTEXM3.AXI_IF_0.AXI_WC_BUSY,MDDR_Demo_sb_sb_CCC_0_FCCC|GL2_net_inferred_clock,MDDR_Demo_sb_sb_CCC_0_FCCC|GL0_net_inferred_clock,MSS_CORTEXM3.MDDR_Demo_sb_sb_0.MDDR_Demo_sb_sb_MSS_0.MSS_ADLIB_INST,Different Clock Domains,NO,0,NO,Combinatorial logic detected at clock domain crossing. Enable signal for synchonizer registers does not have a safe crossing.
60,MSS_CORTEXM3.AXI_IF_0.BREADY,MDDR_Demo_sb_sb_CCC_0_FCCC|GL2_net_inferred_clock,MDDR_Demo_sb_sb_CCC_0_FCCC|GL0_net_inferred_clock,MSS_CORTEXM3.MDDR_Demo_sb_sb_0.MDDR_Demo_sb_sb_MSS_0.MSS_ADLIB_INST,Different Clock Domains,NO,0,NO,Combinatorial logic detected at clock domain crossing. Divergence detected in the crossover path. Enable signal for synchonizer registers does not have a safe crossing.
61,MSS_CORTEXM3.AXI_IF_0.r_tr_length[3:0],MDDR_Demo_sb_sb_CCC_0_FCCC|GL2_net_inferred_clock,MDDR_Demo_sb_sb_CCC_0_FCCC|GL0_net_inferred_clock,MSS_CORTEXM3.MDDR_Demo_sb_sb_0.MDDR_Demo_sb_sb_MSS_0.MSS_ADLIB_INST,Different Clock Domains,NO,0,NO,Combinatorial logic detected at clock domain crossing.
62,MSS_CORTEXM3.AXI_IF_0.axi_fsm_read_state[3:0],MDDR_Demo_sb_sb_CCC_0_FCCC|GL2_net_inferred_clock,MDDR_Demo_sb_sb_CCC_0_FCCC|GL0_net_inferred_clock,MSS_CORTEXM3.MDDR_Demo_sb_sb_0.MDDR_Demo_sb_sb_MSS_0.MSS_ADLIB_INST,Different Clock Domains,NO,0,NO,Divergence detected in the crossover path.
63,MSS_CORTEXM3.AXI_IF_0.w_tr_length[3:0],MDDR_Demo_sb_sb_CCC_0_FCCC|GL2_net_inferred_clock,MDDR_Demo_sb_sb_CCC_0_FCCC|GL0_net_inferred_clock,MSS_CORTEXM3.MDDR_Demo_sb_sb_0.MDDR_Demo_sb_sb_MSS_0.MSS_ADLIB_INST,Different Clock Domains,NO,0,NO,Combinatorial logic detected at clock domain crossing.
64,MSS_CORTEXM3.MDDR_Demo_sb_sb_0.MDDR_Demo_sb_sb_MSS_0.MSS_ADLIB_INST,MDDR_Demo_sb_sb_CCC_0_FCCC|GL0_net_inferred_clock,DATA_HANDLE_FSM_V2_32_32_8_11|un1_paddr_1_inferred_clock,UART_IF_0.DATA_HANDLE_FSM_V2_0.uart_user_option[7:0],Different Clock Domains,NO,0,NO,Combinatorial logic detected at clock domain crossing.
65,MSS_CORTEXM3.MDDR_Demo_sb_sb_0.MDDR_Demo_sb_sb_MSS_0.MSS_ADLIB_INST,MDDR_Demo_sb_sb_CCC_0_FCCC|GL0_net_inferred_clock,MDDR_Demo_sb_sb_CCC_0_FCCC|GL2_net_inferred_clock,MSS_CORTEXM3.AXI_IF_0.AWBURST[1:0],Different Clock Domains,NO,0,NO,Divergence detected in the crossover path.
66,MSS_CORTEXM3.MDDR_Demo_sb_sb_0.CORERESETP_0.CONFIG1_DONE_q1,MDDR_Demo_sb_sb_CCC_0_FCCC|GL0_net_inferred_clock,MDDR_Demo_sb_sb_MSS|FIC_2_APB_M_PCLK_inferred_clock,MSS_CORTEXM3.MDDR_Demo_sb_sb_0.CORECONFIGP_0.control_reg_1[1:0],Different Clock Domains,YES,2,NO,Divergence detected in the crossover path.
67,MSS_CORTEXM3.MDDR_Demo_sb_sb_0.CORERESETP_0.CONFIG2_DONE_q1,MDDR_Demo_sb_sb_CCC_0_FCCC|GL0_net_inferred_clock,MDDR_Demo_sb_sb_MSS|FIC_2_APB_M_PCLK_inferred_clock,MSS_CORTEXM3.MDDR_Demo_sb_sb_0.CORECONFIGP_0.control_reg_1[1:0],Different Clock Domains,YES,2,NO,Divergence detected in the crossover path.
68,MSS_CORTEXM3.MDDR_Demo_sb_sb_0.CORERESETP_0.count_ddr_enable_q1,MDDR_Demo_sb_sb_FABOSC_0_OSC|RCOSC_25_50MHZ_CCC_inferred_clock,MDDR_Demo_sb_sb_CCC_0_FCCC|GL0_net_inferred_clock,MSS_CORTEXM3.MDDR_Demo_sb_sb_0.CORERESETP_0.count_ddr_enable,Different Clock Domains,YES,2,YES,Safe CDC path detected.
69,MSS_CORTEXM3.MDDR_Demo_sb_sb_0.CORERESETP_0.ddr_settled_q1,MDDR_Demo_sb_sb_CCC_0_FCCC|GL0_net_inferred_clock,MDDR_Demo_sb_sb_FABOSC_0_OSC|RCOSC_25_50MHZ_CCC_inferred_clock,MSS_CORTEXM3.MDDR_Demo_sb_sb_0.CORERESETP_0.ddr_settled,Different Clock Domains,YES,2,YES,Safe CDC path detected.
70,MSS_CORTEXM3.MDDR_Demo_sb_sb_0.CORERESETP_0.release_sdif0_core_q1,MDDR_Demo_sb_sb_CCC_0_FCCC|GL0_net_inferred_clock,MDDR_Demo_sb_sb_FABOSC_0_OSC|RCOSC_25_50MHZ_CCC_inferred_clock,MSS_CORTEXM3.MDDR_Demo_sb_sb_0.CORERESETP_0.release_sdif0_core,Different Clock Domains,YES,2,YES,Safe CDC path detected.
71,MSS_CORTEXM3.MDDR_Demo_sb_sb_0.CORERESETP_0.release_sdif1_core_q1,MDDR_Demo_sb_sb_CCC_0_FCCC|GL0_net_inferred_clock,MDDR_Demo_sb_sb_FABOSC_0_OSC|RCOSC_25_50MHZ_CCC_inferred_clock,MSS_CORTEXM3.MDDR_Demo_sb_sb_0.CORERESETP_0.release_sdif1_core,Different Clock Domains,YES,2,YES,Safe CDC path detected.
72,MSS_CORTEXM3.MDDR_Demo_sb_sb_0.CORERESETP_0.release_sdif2_core_q1,MDDR_Demo_sb_sb_CCC_0_FCCC|GL0_net_inferred_clock,MDDR_Demo_sb_sb_FABOSC_0_OSC|RCOSC_25_50MHZ_CCC_inferred_clock,MSS_CORTEXM3.MDDR_Demo_sb_sb_0.CORERESETP_0.release_sdif2_core,Different Clock Domains,YES,2,YES,Safe CDC path detected.
73,MSS_CORTEXM3.MDDR_Demo_sb_sb_0.CORERESETP_0.release_sdif3_core_q1,MDDR_Demo_sb_sb_CCC_0_FCCC|GL0_net_inferred_clock,MDDR_Demo_sb_sb_FABOSC_0_OSC|RCOSC_25_50MHZ_CCC_inferred_clock,MSS_CORTEXM3.MDDR_Demo_sb_sb_0.CORERESETP_0.release_sdif3_core,Different Clock Domains,YES,2,YES,Safe CDC path detected.
74,MSS_CORTEXM3.MDDR_Demo_sb_sb_0.CORECONFIGP_0.INIT_DONE_q1,MDDR_Demo_sb_sb_MSS|FIC_2_APB_M_PCLK_inferred_clock,MDDR_Demo_sb_sb_CCC_0_FCCC|GL0_net_inferred_clock,MSS_CORTEXM3.MDDR_Demo_sb_sb_0.CORERESETP_0.INIT_DONE_int,Different Clock Domains,YES,2,NO,Combinatorial logic detected at clock domain crossing. Divergence detected in the crossover path.
75,MEMORY_TMR_0.TPSRAM_C3_0.TPSRAM_C3_0.TPSRAM_C3_TPSRAM_C3_0_TPSRAM_R0C2,MDDR_Demo_sb_sb_CCC_0_FCCC|GL2_net_inferred_clock,MDDR_Demo_sb_sb_CCC_0_FCCC|GL0_net_inferred_clock,MSS_CORTEXM3.MDDR_Demo_sb_sb_0.MDDR_Demo_sb_sb_MSS_0.MSS_ADLIB_INST,Different Clock Domains,NO,0,NO,Divergence detected in the crossover path.
76,MEMORY_TMR_0.TPSRAM_C3_0.TPSRAM_C3_0.TPSRAM_C3_TPSRAM_C3_0_TPSRAM_R0C3,MDDR_Demo_sb_sb_CCC_0_FCCC|GL2_net_inferred_clock,MDDR_Demo_sb_sb_CCC_0_FCCC|GL0_net_inferred_clock,MSS_CORTEXM3.MDDR_Demo_sb_sb_0.MDDR_Demo_sb_sb_MSS_0.MSS_ADLIB_INST,Different Clock Domains,NO,0,NO,Divergence detected in the crossover path.
77,MEMORY_TMR_0.TPSRAM_C3_0.TPSRAM_C3_0.TPSRAM_C3_TPSRAM_C3_0_TPSRAM_R0C1,MDDR_Demo_sb_sb_CCC_0_FCCC|GL2_net_inferred_clock,MDDR_Demo_sb_sb_CCC_0_FCCC|GL0_net_inferred_clock,MSS_CORTEXM3.MDDR_Demo_sb_sb_0.MDDR_Demo_sb_sb_MSS_0.MSS_ADLIB_INST,Different Clock Domains,NO,0,NO,Divergence detected in the crossover path.
78,MEMORY_TMR_0.TPSRAM_C3_0.TPSRAM_C3_0.TPSRAM_C3_TPSRAM_C3_0_TPSRAM_R0C0,MDDR_Demo_sb_sb_CCC_0_FCCC|GL2_net_inferred_clock,MDDR_Demo_sb_sb_CCC_0_FCCC|GL0_net_inferred_clock,MSS_CORTEXM3.MDDR_Demo_sb_sb_0.MDDR_Demo_sb_sb_MSS_0.MSS_ADLIB_INST,Different Clock Domains,NO,0,NO,Divergence detected in the crossover path.
79,MEMORY_TMR_0.TPSRAM_C2_0.TPSRAM_C2_0.TPSRAM_C2_TPSRAM_C2_0_TPSRAM_R0C0,MDDR_Demo_sb_sb_CCC_0_FCCC|GL2_net_inferred_clock,MDDR_Demo_sb_sb_CCC_0_FCCC|GL0_net_inferred_clock,MSS_CORTEXM3.MDDR_Demo_sb_sb_0.MDDR_Demo_sb_sb_MSS_0.MSS_ADLIB_INST,Different Clock Domains,NO,0,NO,Divergence detected in the crossover path.
80,MEMORY_TMR_0.TPSRAM_C2_0.TPSRAM_C2_0.TPSRAM_C2_TPSRAM_C2_0_TPSRAM_R0C2,MDDR_Demo_sb_sb_CCC_0_FCCC|GL2_net_inferred_clock,MDDR_Demo_sb_sb_CCC_0_FCCC|GL0_net_inferred_clock,MSS_CORTEXM3.MDDR_Demo_sb_sb_0.MDDR_Demo_sb_sb_MSS_0.MSS_ADLIB_INST,Different Clock Domains,NO,0,NO,Divergence detected in the crossover path.
81,MEMORY_TMR_0.TPSRAM_C2_0.TPSRAM_C2_0.TPSRAM_C2_TPSRAM_C2_0_TPSRAM_R0C3,MDDR_Demo_sb_sb_CCC_0_FCCC|GL2_net_inferred_clock,MDDR_Demo_sb_sb_CCC_0_FCCC|GL0_net_inferred_clock,MSS_CORTEXM3.MDDR_Demo_sb_sb_0.MDDR_Demo_sb_sb_MSS_0.MSS_ADLIB_INST,Different Clock Domains,NO,0,NO,Divergence detected in the crossover path.
82,MEMORY_TMR_0.TPSRAM_C2_0.TPSRAM_C2_0.TPSRAM_C2_TPSRAM_C2_0_TPSRAM_R0C1,MDDR_Demo_sb_sb_CCC_0_FCCC|GL2_net_inferred_clock,MDDR_Demo_sb_sb_CCC_0_FCCC|GL0_net_inferred_clock,MSS_CORTEXM3.MDDR_Demo_sb_sb_0.MDDR_Demo_sb_sb_MSS_0.MSS_ADLIB_INST,Different Clock Domains,NO,0,NO,Divergence detected in the crossover path.
83,MEMORY_TMR_0.TPSRAM_C1_0.TPSRAM_C1_0.TPSRAM_C1_TPSRAM_C1_0_TPSRAM_R0C0,MDDR_Demo_sb_sb_CCC_0_FCCC|GL2_net_inferred_clock,MDDR_Demo_sb_sb_CCC_0_FCCC|GL0_net_inferred_clock,MSS_CORTEXM3.MDDR_Demo_sb_sb_0.MDDR_Demo_sb_sb_MSS_0.MSS_ADLIB_INST,Different Clock Domains,NO,0,NO,Divergence detected in the crossover path.
84,MEMORY_TMR_0.TPSRAM_C1_0.TPSRAM_C1_0.TPSRAM_C1_TPSRAM_C1_0_TPSRAM_R0C3,MDDR_Demo_sb_sb_CCC_0_FCCC|GL2_net_inferred_clock,MDDR_Demo_sb_sb_CCC_0_FCCC|GL0_net_inferred_clock,MSS_CORTEXM3.MDDR_Demo_sb_sb_0.MDDR_Demo_sb_sb_MSS_0.MSS_ADLIB_INST,Different Clock Domains,NO,0,NO,Divergence detected in the crossover path.
85,MEMORY_TMR_0.TPSRAM_C1_0.TPSRAM_C1_0.TPSRAM_C1_TPSRAM_C1_0_TPSRAM_R0C1,MDDR_Demo_sb_sb_CCC_0_FCCC|GL2_net_inferred_clock,MDDR_Demo_sb_sb_CCC_0_FCCC|GL0_net_inferred_clock,MSS_CORTEXM3.MDDR_Demo_sb_sb_0.MDDR_Demo_sb_sb_MSS_0.MSS_ADLIB_INST,Different Clock Domains,NO,0,NO,Divergence detected in the crossover path.
86,MEMORY_TMR_0.TPSRAM_C1_0.TPSRAM_C1_0.TPSRAM_C1_TPSRAM_C1_0_TPSRAM_R0C2,MDDR_Demo_sb_sb_CCC_0_FCCC|GL2_net_inferred_clock,MDDR_Demo_sb_sb_CCC_0_FCCC|GL0_net_inferred_clock,MSS_CORTEXM3.MDDR_Demo_sb_sb_0.MDDR_Demo_sb_sb_MSS_0.MSS_ADLIB_INST,Different Clock Domains,NO,0,NO,Divergence detected in the crossover path.